{
  "WR": {
    "best_trial": 26,
    "best_cv_mae": 4.731935331415199,
    "best_params": {
      "num_leaves": 58,
      "learning_rate": 0.018369357104332195,
      "n_estimators": 900,
      "min_child_samples": 37,
      "subsample": 0.5885921011833027,
      "colsample_bytree": 0.4011011846082205,
      "reg_lambda": 9.575535790194072,
      "reg_alpha": 0.6746560062492472,
      "min_split_gain": 0.3700476244136146,
      "objective": "fair",
      "max_depth": -1
    },
    "n_trials": 50,
    "elapsed_seconds": 853.7,
    "comparison": {
      "old_metrics": {
        "total": {
          "mae": 4.211244361411176,
          "rmse": 6.037011961842385,
          "r2": 0.32117089308910884
        },
        "receiving_floor": {
          "mae": 3.243691983326362,
          "rmse": 4.3821700015389,
          "r2": 0.39669019549460605
        },
        "rushing_floor": {
          "mae": 0.13484791490371825,
          "rmse": 0.3448014141331795,
          "r2": 0.072775631504995
        },
        "td_points": {
          "mae": 1.2861109189145599,
          "rmse": 2.807850886450096,
          "r2": -0.07170628214602282
        }
      },
      "new_metrics": {
        "total": {
          "mae": 4.235842203017506,
          "rmse": 5.947608342972076,
          "r2": 0.3411279162266271
        },
        "receiving_floor": {
          "mae": 3.2694592157752775,
          "rmse": 4.35837638450025,
          "r2": 0.4032239225702936
        },
        "rushing_floor": {
          "mae": 0.12705073292257862,
          "rmse": 0.3460243600173473,
          "r2": 0.06618658561362423
        },
        "td_points": {
          "mae": 1.370659743879059,
          "rmse": 2.7240612143939353,
          "r2": -0.00869860676009182
        }
      },
      "old_ranking": {
        "hit_rate": 0.3928571428571428,
        "spearman": 0.6456999012700751
      },
      "new_ranking": {
        "hit_rate": 0.3849206349206349,
        "spearman": 0.6438008817135692
      }
    }
  }
}